Date, Total 
10/29/2022," $9,639.00 "
10/31/2022," $1,750.00 "
10/31/2022," $10,659.00 "
11/7/2022," $5,250.00 "
11/8/2022," $6,604.50 "
11/8/2022," $1,320.00 "
11/8/2022," $2,793.00 "
11/8/2022," $2,323.57 "
11/8/2022, $850.00 
11/8/2022," $4,132.50 "
11/8/2022," $1,995.00 "
11/8/2022," $3,267.00 "
11/8/2022," $3,267.00 "
11/8/2022," $5,292.00 "
11/8/2022," $4,819.50 "
11/8/2022," $2,850.00 "
11/8/2022," $6,094.50 "
11/9/2022, $525.00 
11/9/2022," $3,990.00 "
11/9/2022," $4,819.50 "
11/9/2022, $875.00 
11/9/2022, $875.00 
11/10/2022," $3,150.00 "
11/10/2022," $4,819.50 "
11/10/2022," $1,710.00 "
11/10/2022," $1,710.00 "
11/10/2022," $3,420.00 "
11/15/2022," $3,249.00 "
11/15/2022," $1,377.00 "
11/15/2022," $2,750.00 "
11/15/2022," $1,710.00 "
11/15/2022," $2,679.00 "
11/15/2022," $1,624.50 "
11/15/2022," $5,529.00 "
11/16/2022," $19,813.50 "
11/16/2022," $1,710.00 "
11/16/2022," $2,820.00 "
11/16/2022," $4,819.50 "
11/16/2022," $4,819.50 "
11/17/2022, $-   
11/17/2022," $1,710.00 "
11/17/2022," $39,244.50 "
11/17/2022," $1,824.00 "
11/17/2022, $175.00 
11/18/2022," $1,624.50 "
11/21/2022, $-   
11/22/2022," $2,593.50 "
11/23/2022," $1,800.00 "
11/25/2022," $2,308.50 "
11/25/2022," $3,952.50 "
11/28/2022," $6,247.50 "
11/28/2022," $11,322.00 "
11/28/2022," $2,500.00 "
11/28/2022," $2,500.00 "
11/28/2022," $4,284.00 "
11/28/2022," $2,500.00 "
11/28/2022," $8,568.00 "
11/28/2022," $7,038.00 "
11/28/2022," $5,985.00 "
11/29/2022," $1,425.00 "
11/29/2022," $4,474.50 "
11/29/2022," $1,624.50 "
11/30/2022," $5,454.00 "
12/1/2022," $18,330.00 "
12/1/2022," $3,420.00 "
12/1/2022," $5,253.00 "
12/1/2022, $900.00 
12/1/2022," $3,264.00 "
12/6/2022," $1,425.00 "
12/6/2022, $525.00 
12/6/2022," $4,819.50 "
12/6/2022," $4,819.50 "
12/6/2022," $4,819.50 "
12/6/2022," $1,824.00 "
12/7/2022," $1,938.00 "
12/7/2022," $4,819.50 "
12/7/2022, $700.00 
12/7/2022," $13,200.00 "
12/7/2022," $2,308.50 "
12/7/2022, $175.00 
12/8/2022, $-   
12/9/2022," $4,819.50 "
12/9/2022, $-   
12/13/2022," $1,624.50 "
12/13/2022, $600.00 
12/13/2022," $3,420.00 "
12/14/2022," $1,400.00 "
12/14/2022," $1,400.00 "
12/15/2022," $7,581.00 "
12/16/2022, $900.00 
12/16/2022," $10,149.00 "
12/16/2022, $350.00 
12/16/2022, $700.00 
12/19/2022," $4,819.50 "
12/19/2022," $4,819.50 "
12/19/2022, $700.00 
12/19/2022, $700.00 
12/19/2022," $10,300.00 "
12/19/2022," $14,458.50 "
12/20/2022," $2,100.00 "
12/21/2022," $9,639.00 "
12/21/2022," $5,700.00 "
12/21/2022," $4,560.00 "
12/21/2022," $3,135.00 "
12/21/2022," $8,772.00 "
12/22/2022," $4,125.00 "
12/23/2022," $49,572.00 "
12/24/2022," $4,617.00 "
12/24/2022, $700.00 
12/26/2022," $1,400.00 "
12/28/2022," $6,196.50 "
12/28/2022," $1,400.00 "
12/28/2022," $6,196.50 "
12/28/2022," $1,400.00 "
12/28/2022," $3,990.00 "
12/29/2022," $6,196.50 "
12/29/2022," $2,456.00 "
12/29/2022," $27,846.00 "
12/30/2022, $700.00 
12/30/2022," $7,290.00 "
12/30/2022," $29,121.00 "
12/31/2022," $3,267.00 "
1/1/2023, $350.00 
1/2/2023, $-   
1/3/2023, $-   
1/5/2023," $10,260.00 "
1/5/2023," $1,530.00 "
1/6/2023, $-   
1/9/2023," $3,448.50 "
1/9/2023," $4,421.08 "
1/9/2023," $24,531.00 "
1/9/2023," $12,067.88 "
1/10/2023," $2,275.00 "
1/10/2023, $600.00 
1/10/2023," $3,456.00 "
1/10/2023," $1,632.00 "
1/10/2023, $700.00 
1/10/2023," $8,517.00 "
1/10/2023," $21,343.50 "
1/10/2023," $25,500.00 "
1/11/2023," $3,163.50 "
1/11/2023," $1,320.00 "
1/11/2023," $1,375.00 "
1/11/2023," $6,324.00 "
1/11/2023," $4,482.00 "
1/11/2023," $2,700.00 "
1/12/2023," $2,911.80 "
1/12/2023," $13,897.50 "
1/12/2023," $8,670.00 "
1/12/2023," $5,380.50 "
1/12/2023," $7,191.00 "
1/12/2023," $1,050.00 "
1/12/2023," $3,500.00 "
1/12/2023," $10,850.00 "
1/13/2023, $350.00 
1/13/2023," $5,329.50 "
1/13/2023," $3,500.00 "
1/14/2023," $1,575.00 "
1/16/2023," $15,300.00 "
1/16/2023," $5,839.50 "
1/16/2023, $700.00 
1/16/2023, $900.00 
1/16/2023," $1,945.90 "
1/16/2023, $-   
1/16/2023, $-   
1/17/2023," $3,078.00 "
1/18/2023, $918.00 
1/18/2023, $875.00 
1/18/2023, $-   
1/18/2023," $11,200.88 "
1/19/2023," $1,575.00 "
1/19/2023," $1,925.00 "
1/19/2023," $1,750.00 "
1/19/2023," $2,295.00 "
1/19/2023," $3,034.50 "
1/20/2023, $-   
1/20/2023," $13,440.00 "
1/21/2023," $20,250.00 "
1/22/2023," $1,925.00 "
1/23/2023," $5,101.50 "
1/23/2023, $875.00 
1/23/2023," $4,462.50 "
1/23/2023, $-   
1/24/2023," $14,250.00 "
1/24/2023," $11,400.00 "
1/24/2023," $11,400.00 "
1/24/2023," $5,700.00 "
1/24/2023," $5,700.00 "
1/24/2023," $5,700.00 "
1/24/2023," $5,053.60 "
1/25/2023," $1,710.00 "
1/25/2023," $1,050.00 "
1/26/2023," $1,530.00 "
1/26/2023," $1,400.00 "
1/26/2023," $4,047.00 "
1/26/2023," $3,562.50 "
1/27/2023," $10,659.00 "
1/27/2023," $3,600.00 "
1/27/2023, $700.00 
1/27/2023," $5,261.50 "
1/28/2023," $10,276.50 "
1/30/2023," $6,196.50 "
1/30/2023," $6,196.50 "
1/30/2023," $3,794.40 "
1/30/2023," $3,794.40 "
1/30/2023," $1,300.50 "
1/30/2023," $1,734.00 "
1/30/2023," $3,468.00 "
1/30/2023," $3,468.00 "
1/30/2023," $1,734.00 "
1/30/2023," $1,734.00 "
1/31/2023," $6,196.50 "
1/31/2023, $688.50 
2/1/2023," $2,625.00 "
2/1/2023," $1,300.50 "
2/3/2023," $2,484.00 "
2/3/2023," $18,864.00 "
2/3/2023, $649.80 
2/3/2023," $7,588.80 "
2/3/2023," $1,056.00 "
2/3/2023," $2,052.00 "
2/6/2023," $1,200.00 "
2/6/2023," $10,325.00 "
2/8/2023," $9,164.70 "
2/8/2023," $1,980.00 "
2/8/2023," $3,162.00 "
2/8/2023," $1,225.00 "
2/8/2023," $4,207.50 "
2/8/2023, $875.00 
2/8/2023," $5,482.50 "
2/8/2023," $1,050.00 "
2/8/2023," $2,700.00 "
2/8/2023," $9,990.90 "
2/8/2023," $1,400.00 "
2/8/2023," $9,990.90 "
2/8/2023," $1,400.00 "
2/8/2023," $2,006.40 "
2/8/2023," $3,249.00 "
2/8/2023, $-   
2/9/2023," $9,448.60 "
2/9/2023," $14,113.20 "
2/9/2023, $499.98 
2/10/2023, $-   
2/13/2023," $4,560.00 "
2/13/2023," $2,736.00 "
2/13/2023," $9,564.00 "
2/13/2023," $4,104.00 "
2/14/2023, $700.00 
2/14/2023," $9,990.90 "
2/14/2023," $12,933.00 "
2/14/2023," $12,933.00 "
2/14/2023," $5,173.20 "
2/14/2023, $700.00 
2/14/2023, $700.00 
2/14/2023, $700.00 
2/14/2023," $8,928.00 "
2/14/2023," $9,004.00 "
2/15/2023," $1,300.00 "
2/15/2023," $8,661.60 "
2/15/2023," $5,700.00 "
2/15/2023," $20,300.00 "
2/15/2023," $5,615.10 "
2/15/2023, $875.00 
2/15/2023, $875.00 
2/15/2023," $2,325.60 "
2/16/2023, $-   
2/16/2023, $-   
2/16/2023, $-   
2/16/2023, $-   
2/16/2023," $16,187.40 "
2/17/2023," $9,384.00 "
2/17/2023, $650.01 
2/17/2023," $5,250.00 "
2/21/2023," $3,000.00 "
2/21/2023," $5,643.00 "
2/21/2023," $20,400.00 "
2/21/2023," $2,964.00 "
2/21/2023," $9,894.00 "
2/21/2023," $6,196.50 "
2/21/2023," $3,794.40 "
2/21/2023, $840.36 
2/22/2023," $16,416.00 "
2/22/2023, $556.88 
2/22/2023, $-   
2/22/2023, $-   
2/22/2023," $8,940.00 "
2/23/2023," $13,824.00 "
2/23/2023," $10,914.00 "
2/23/2023, $525.00 
2/23/2023," $31,190.40 "
2/23/2023, $399.25 
2/23/2023," $6,777.90 "
2/23/2023, $700.00 
2/23/2023," $3,645.00 "
2/23/2023," $1,400.00 "
2/23/2023," $4,881.60 "
2/25/2023," $14,649.00 "
2/25/2023," $7,774.80 "
2/25/2023," $9,576.00 "
2/25/2023," $5,928.00 "
2/25/2023," $3,094.00 "
2/26/2023," $11,850.36 "
2/27/2023," $3,141.44 "
2/27/2023," $6,344.40 "
2/27/2023, $700.00 
2/27/2023," $7,486.80 "
2/27/2023," $1,400.00 "
2/28/2023," $1,573.20 "
3/1/2023, $-   
3/1/2023, $-   
3/1/2023," $25,234.80 "
3/1/2023, $-   
3/1/2023," $1,400.00 "
3/1/2023, $746.70 
3/1/2023," $4,890.90 "
3/1/2023, $249.53 
3/1/2023," $3,320.10 "
3/1/2023, $-   
3/1/2023, $-   
3/1/2023, $174.67 
3/1/2023," $15,876.00 "
3/1/2023, $-   
3/2/2023, $-   
3/3/2023," $3,600.00 "
3/4/2023, $912.00 
3/6/2023," $11,922.00 "
3/6/2023," $20,928.00 "
3/6/2023," $9,138.00 "
3/6/2023," $5,406.62 "
3/6/2023," $4,955.00 "
3/6/2023," $3,076.00 "
3/7/2023, $528.00 
3/7/2023," $6,208.25 "
3/7/2023," $8,630.75 "
3/7/2023," $8,893.80 "
3/7/2023, $-   
3/7/2023, $-   
3/7/2023," $1,575.00 "
3/8/2023," $4,055.40 "
3/8/2023," $1,050.00 "
3/8/2023," $25,474.50 "
3/8/2023," $9,062.00 "
3/8/2023," $9,062.00 "
3/8/2023," $7,108.00 "
3/8/2023," $2,100.00 "
3/8/2023," $1,050.00 "
3/9/2023," $9,352.80 "
3/9/2023," $3,363.00 "
3/10/2023, $249.53 
3/12/2023," $27,907.20 "
3/13/2023," $3,005.00 "
3/13/2023," $6,885.00 "
3/13/2023," $1,400.00 "
3/14/2023, $250.01 
3/14/2023," $3,225.00 "
3/14/2023," $2,850.00 "
3/15/2023," $4,503.60 "
3/15/2023, $175.00 
3/15/2023," $4,212.00 "
3/15/2023," $5,220.00 "
3/15/2023," $1,575.00 "
3/15/2023," $4,524.00 "
3/15/2023," $1,400.00 "
3/16/2023," $3,018.00 "
3/16/2023," $11,571.90 "
3/16/2023," $11,571.90 "
3/16/2023," $1,750.00 "
3/16/2023," $1,750.00 "
3/17/2023, $784.00 
3/20/2023," $6,885.00 "
3/20/2023, $196.00 
3/20/2023," $1,530.00 "
3/20/2023, $-   
3/21/2023," $2,284.00 "
3/21/2023," $10,808.72 "
3/22/2023," $2,597.40 "
3/22/2023, $75.00 
3/22/2023," $5,572.80 "
3/22/2023, $150.00 
3/22/2023," $12,004.00 "
3/22/2023," $4,708.00 "
3/22/2023," $1,656.00 "
3/22/2023," $6,843.00 "
3/22/2023," $7,624.50 "
3/22/2023," $1,410.00 "
3/22/2023," $1,620.00 "
3/23/2023," $11,772.00 "
3/24/2023," $11,815.00 "
3/24/2023," $4,260.00 "
3/24/2023, $-   
3/24/2023, $-   
3/24/2023," $10,245.90 "
3/24/2023," $5,400.00 "
3/24/2023," $21,157.20 "
3/24/2023, $700.00 
3/24/2023," $1,400.00 "
3/24/2023," $8,478.00 "
3/24/2023," $7,951.50 "
3/24/2023," $2,800.00 "
3/24/2023," $9,478.56 "
3/24/2023," $1,750.00 "
3/27/2023, $500.01 
3/27/2023," $8,449.00 "
3/27/2023," $6,504.00 "
3/27/2023," $5,472.00 "
3/27/2023, $910.00 
3/27/2023," $1,824.00 "
3/28/2023," $14,483.11 "
3/28/2023," $24,338.51 "
3/28/2023," $26,823.50 "
3/28/2023, $-   
3/28/2023, $-   
3/29/2023," $5,260.00 "
3/29/2023, $991.08 
3/29/2023, $991.08 
3/30/2023," $18,349.20 "
3/30/2023," $1,400.00 "
3/30/2023," $7,290.00 "
3/30/2023," $1,400.00 "
3/30/2023, $756.00 
3/30/2023," $1,400.00 "
3/30/2023," $1,725.00 "
3/30/2023, $-   
3/30/2023," $4,929.52 "
3/30/2023," $5,686.00 "
3/30/2023," $11,221.20 "
3/31/2023," $8,402.40 "
3/31/2023," $1,750.00 "
3/31/2023," $5,054.40 "
3/31/2023, $350.00 
3/31/2023," $4,600.80 "
3/31/2023, $175.00 
3/31/2023," $1,050.00 "
4/4/2023, $-   
4/4/2023," $6,928.00 "
4/4/2023," $26,759.70 "
4/5/2023," $28,080.00 "
4/5/2023," $5,341.00 "
4/5/2023, $200.00 
4/7/2023," $11,844.00 "
4/7/2023," $1,400.00 "
4/7/2023," $13,543.20 "
4/7/2023, $500.01 
4/10/2023," $5,059.80 "
4/10/2023, $700.00 
4/10/2023," $4,276.80 "
4/10/2023, $175.00 
4/10/2023," $6,757.00 "
4/10/2023," $10,735.20 "
4/10/2023," $1,400.00 "
4/10/2023, $700.00 
4/10/2023," $4,233.60 "
4/10/2023," $6,810.36 "
4/10/2023," $2,754.00 "
4/10/2023, $700.00 
4/10/2023," $7,248.00 "
4/10/2023," $10,476.00 "
4/11/2023," $1,260.00 "
4/11/2023," $1,706.00 "
4/12/2023," $15,279.53 "
4/12/2023," $10,133.92 "
4/12/2023," $5,580.00 "
4/12/2023," $14,580.00 "
4/12/2023," $7,290.00 "
4/12/2023," $13,740.00 "
4/12/2023," $5,976.00 "
4/12/2023," $2,958.00 "
4/12/2023," $7,518.00 "
4/12/2023, $200.00 
4/12/2023, $100.00 
4/12/2023," $1,356.00 "
4/13/2023," $24,077.10 "
4/13/2023," $2,100.00 "
4/13/2023," $2,100.00 "
4/13/2023," $20,262.30 "
4/13/2023," $24,051.60 "
4/13/2023," $2,100.00 "
4/13/2023, $700.00 
4/13/2023," $6,793.20 "
4/13/2023, $800.02 
4/14/2023, $-   
4/14/2023," $1,356.00 "
4/14/2023," $3,191.40 "
4/14/2023," $4,300.00 "
4/16/2023," $11,265.90 "
4/17/2023," $3,477.60 "
4/17/2023," $2,055.60 "
4/17/2023," $2,100.00 "
4/17/2023," $3,768.00 "
4/17/2023," $3,060.00 "
4/18/2023," $4,125.60 "
4/18/2023," $3,218.40 "
4/18/2023," $1,400.00 "
4/18/2023," $1,770.00 "
4/18/2023," $18,384.00 "
4/18/2023, $300.01 
4/20/2023, $875.00 
4/21/2023," $5,978.00 "
4/24/2023," $5,070.00 "
4/24/2023," $1,824.00 "
4/24/2023," $2,736.00 "
4/24/2023, $273.00 
4/24/2023," $12,528.00 "
4/24/2023, $273.00 
4/24/2023, $-   
4/24/2023," $4,900.00 "
4/25/2023," $4,980.00 "
4/25/2023," $12,528.00 "
4/25/2023, $-   
4/26/2023," $20,400.00 "
4/26/2023," $47,851.20 "
4/26/2023," $30,912.00 "
4/26/2023, $455.00 
4/26/2023," $3,600.00 "
4/27/2023," $1,518.00 "
4/28/2023," $3,546.00 "
5/1/2023," $6,027.00 "
5/1/2023," $3,738.00 "
5/1/2023," $1,584.00 "
5/1/2023," $4,058.72 "
5/1/2023, $912.00 
5/1/2023," $10,170.00 "
5/2/2023, $-   
5/3/2023," $2,430.00 "
5/3/2023, $-   
5/8/2023," $9,021.24 "
5/8/2023," $6,774.00 "
5/8/2023," $2,736.00 "
5/8/2023," $2,736.00 "
5/8/2023," $2,520.00 "
5/8/2023," $6,922.80 "
5/9/2023," $2,990.00 "
5/9/2023, $900.00 
5/9/2023," $5,652.00 "
5/9/2023," $7,140.00 "
5/9/2023, $-   
5/9/2023," $3,756.00 "
5/9/2023," $4,812.00 "
5/9/2023," $4,150.00 "
5/9/2023," $10,863.00 "
5/9/2023," $4,380.00 "
5/10/2023," $3,962.90 "
5/10/2023," $3,036.00 "
5/10/2023," $27,330.00 "
5/11/2023," $8,152.00 "
5/11/2023," $4,517.00 "
5/11/2023," $6,948.00 "
5/11/2023," $3,936.00 "
5/12/2023, $700.00 
5/12/2023, $875.00 
5/15/2023," $4,992.00 "
5/15/2023," $3,348.00 "
5/15/2023," $18,528.00 "
5/15/2023," $2,430.00 "
5/15/2023," $1,400.00 "
5/15/2023," $18,273.60 "
5/15/2023, $500.01 
5/15/2023," $7,803.00 "
5/15/2023," $20,532.60 "
5/15/2023, $300.01 
5/15/2023," $22,814.40 "
5/15/2023," $7,860.30 "
5/15/2023, $100.00 
5/15/2023," $10,425.00 "
5/15/2023," $2,250.00 "
5/16/2023, $300.01 
5/16/2023," $1,750.00 "
5/16/2023," $1,750.00 "
5/16/2023," $1,750.00 "
5/16/2023," $21,245.50 "
5/16/2023," $6,414.60 "
5/17/2023," $7,544.00 "
5/18/2023," $5,864.00 "
5/18/2023," $15,960.00 "
5/18/2023, $-   
5/19/2023," $9,404.00 "
5/19/2023," $6,831.00 "
5/19/2023, $-   
5/20/2023," $8,880.00 "
5/22/2023," $6,744.00 "
5/22/2023," $4,080.00 "
5/23/2023, $-   
5/23/2023," $4,847.00 "
5/23/2023," $5,312.00 "
5/23/2023," $4,720.00 "
5/23/2023," $5,645.00 "
5/23/2023," $6,090.00 "
5/23/2023," $1,321.44 "
5/23/2023, $-   
5/24/2023," $4,920.00 "
5/24/2023," $4,580.00 "
5/24/2023, $-   
5/24/2023," $7,344.00 "
5/24/2023," $4,780.00 "
5/24/2023," $6,190.00 "
5/24/2023," $3,500.00 "
5/24/2023," $12,398.76 "
5/25/2023," $7,680.00 "
5/25/2023, $-   
5/25/2023, $228.00 
5/25/2023," $22,950.00 "
5/25/2023," $3,276.00 "
5/25/2023," $4,824.00 "
5/26/2023," $2,736.00 "
5/26/2023," $6,199.20 "
5/26/2023," $2,790.00 "
5/30/2023," $5,746.00 "
5/30/2023," $5,752.00 "
5/30/2023," $4,572.00 "
5/30/2023," $2,520.00 "
5/30/2023, $-   
5/30/2023, $-   
5/30/2023," $5,088.00 "
5/30/2023," $6,800.00 "
6/1/2023," $4,218.00 "
6/1/2023," $8,041.00 "
6/1/2023," $26,730.60 "
6/1/2023, $-   
6/1/2023," $3,198.00 "
6/1/2023," $11,052.00 "
6/1/2023," $16,200.00 "
6/1/2023," $4,200.00 "
6/1/2023," $4,200.00 "
6/1/2023," $2,100.00 "
6/1/2023, $700.00 
6/1/2023, $-   
6/2/2023," $50,471.64 "
6/5/2023," $5,130.00 "
6/5/2023, $-   
6/5/2023," $2,310.00 "
6/5/2023," $2,220.00 "
6/5/2023, $-   
6/5/2023," $4,523.00 "
6/5/2023," $4,348.00 "
6/6/2023," $5,040.00 "
6/6/2023," $2,081.18 "
6/6/2023, $-   
6/6/2023," $1,219.96 "
6/6/2023, $-   
6/6/2023," $2,268.00 "
6/6/2023," $1,920.00 "
6/6/2023," $8,757.60 "
6/6/2023," $9,943.80 "
6/6/2023," $3,072.00 "
6/6/2023," $9,278.04 "
6/6/2023," $6,826.02 "
6/6/2023," $4,036.02 "
6/6/2023," $4,384.80 "
6/6/2023," $5,679.02 "
6/6/2023," $1,440.54 "
6/6/2023, $-   
6/7/2023," $12,074.40 "
6/7/2023," $18,036.00 "
6/7/2023," $4,104.00 "
6/8/2023," $15,836.01 "
6/8/2023," $7,878.60 "
6/8/2023, $150.01 
6/12/2023," $2,020.00 "
6/12/2023," $3,990.00 "
6/12/2023," $2,130.00 "
6/12/2023," $3,300.00 "
6/12/2023," $4,814.00 "
6/12/2023," $2,544.00 "
6/12/2023," $5,400.00 "
6/12/2023," $23,895.01 "
6/12/2023," $2,800.00 "
6/13/2023, $-   
6/15/2023," $20,400.00 "
6/15/2023," $2,520.00 "
6/16/2023," $4,877.70 "
6/16/2023," $3,024.00 "
6/16/2023," $6,082.02 "
6/16/2023," $6,232.06 "
6/16/2023," $15,960.00 "
6/16/2023, $756.00 
6/16/2023, $756.00 
6/16/2023," $1,512.00 "
6/17/2023," $8,864.72 "
6/19/2023," $5,390.00 "
6/19/2023, $700.00 
6/20/2023," $3,686.40 "
6/20/2023," $2,736.00 "
6/20/2023," $1,674.12 "
6/20/2023," $10,370.00 "
6/20/2023," $2,040.00 "
6/20/2023," $4,860.00 "
6/20/2023," $3,024.00 "
6/20/2023," $1,512.00 "
6/20/2023," $4,860.00 "
6/20/2023," $2,016.00 "
6/20/2023," $4,450.55 "
6/20/2023," $8,578.74 "
6/20/2023," $12,348.00 "
6/20/2023," $6,636.00 "
6/21/2023," $6,264.00 "
6/22/2023," $6,795.09 "
6/22/2023," $10,988.12 "
6/22/2023," $3,910.02 "
6/22/2023," $4,446.00 "
6/22/2023," $10,396.02 "
6/23/2023," $7,134.30 "
6/23/2023," $4,249.80 "
6/23/2023," $4,158.00 "
6/23/2023," $22,121.24 "
6/23/2023," $11,087.19 "
6/23/2023," $4,550.00 "
6/23/2023," $7,650.20 "
6/23/2023," $6,720.20 "
6/23/2023," $9,252.20 "
6/26/2023," $3,024.15 "
6/26/2023," $11,663.98 "
6/26/2023," $29,311.56 "
6/26/2023," $2,761.20 "
6/26/2023, $660.72 
6/26/2023," $5,772.25 "
6/26/2023," $4,370.25 "
6/26/2023," $14,301.84 "
6/26/2023," $7,821.79 "
6/27/2023," $8,628.12 "
6/27/2023," $2,410.09 "
6/27/2023," $8,954.00 "
6/27/2023, $756.00 
6/27/2023," $10,020.03 "
6/27/2023," $10,476.03 "
6/27/2023," $3,168.15 "
6/27/2023," $6,216.00 "
6/27/2023," $12,204.00 "
6/27/2023," $2,408.30 "
6/27/2023," $5,508.14 "
6/28/2023," $6,992.00 "
6/28/2023," $6,639.99 "
6/28/2023," $1,800.00 "
6/28/2023," $7,406.20 "
6/28/2023," $7,668.27 "
6/28/2023," $7,009.52 "
6/28/2023," $1,285.31 "
6/28/2023," $2,349.00 "
6/29/2023," $3,500.00 "
6/29/2023," $3,024.23 "
6/29/2023," $3,689.00 "
6/29/2023," $3,689.00 "
6/29/2023, $-   
6/30/2023," $3,239.39 "
6/30/2023," $3,239.39 "
6/30/2023," $3,239.39 "
7/1/2023," $14,394.13 "
7/3/2023," $4,550.00 "
7/3/2023, $-   
7/3/2023, $700.00 
7/3/2023," $2,731.00 "
7/3/2023," $3,984.00 "
7/5/2023," $4,860.30 "
7/6/2023, $912.00 
7/6/2023," $3,710.00 "
7/6/2023," $1,400.00 "
7/6/2023," $7,424.15 "
7/6/2023," $8,022.15 "
7/7/2023," $9,932.01 "
7/7/2023, $-   
7/7/2023," $23,261.10 "
7/10/2023," $1,920.00 "
7/10/2023," $13,256.82 "
7/10/2023," $2,400.00 "
7/10/2023," $10,020.83 "
7/10/2023," $23,261.10 "
7/10/2023," $4,935.87 "
7/10/2023," $4,353.57 "
7/10/2023," $7,650.00 "
7/10/2023," $18,344.07 "
7/10/2023, $-   
7/10/2023," $2,880.00 "
7/10/2023," $10,290.30 "
7/10/2023," $4,820.30 "
7/10/2023," $2,136.00 "
7/11/2023," $3,116.10 "
7/11/2023," $29,177.10 "
7/11/2023," $8,496.17 "
7/11/2023," $26,087.42 "
7/11/2023," $13,545.90 "
7/11/2023," $8,992.12 "
7/12/2023," $9,979.21 "
7/12/2023," $4,972.15 "
7/12/2023," $2,385.60 "
7/12/2023," $2,268.00 "
7/12/2023," $2,268.00 "
7/13/2023," $3,522.10 "
7/14/2023," $13,960.06 "
7/14/2023," $5,028.20 "
7/14/2023," $2,268.12 "
7/14/2023," $30,546.40 "
7/17/2023, $700.00 
7/17/2023," $7,800.35 "
7/17/2023," $3,551.00 "
7/17/2023," $6,012.00 "
7/17/2023," $6,840.00 "
7/17/2023," $5,076.19 "
7/17/2023," $1,008.12 "
7/17/2023," $3,312.00 "
7/17/2023," $4,194.90 "
7/17/2023," $2,901.60 "
7/17/2023," $4,556.00 "
7/17/2023," $8,010.15 "
7/17/2023," $3,503.08 "
7/18/2023," $4,871.15 "
7/18/2023," $9,282.18 "
7/18/2023," $4,725.00 "
7/18/2023," $40,107.42 "
7/19/2023," $3,781.15 "
7/20/2023," $1,566.00 "
7/20/2023, $-   
7/20/2023," $5,940.00 "
7/20/2023," $8,556.00 "
7/21/2023," $6,388.20 "
7/21/2023," $21,405.60 "
7/23/2023, $-   
7/24/2023," $4,715.00 "
7/24/2023, $0.12 
7/24/2023," $7,442.10 "
7/24/2023," $4,225.00 "
7/24/2023, $900.03 
7/24/2023," $10,916.06 "
7/24/2023," $3,583.10 "
7/24/2023," $7,080.00 "
7/24/2023," $11,130.00 "
7/24/2023," $4,126.18 "
7/26/2023," $4,499.00 "
7/26/2023," $4,499.00 "
7/26/2023," $3,041.00 "
7/26/2023," $8,873.00 "
7/26/2023," $3,041.00 "
7/26/2023," $2,940.25 "
7/26/2023," $8,748.00 "
7/26/2023," $7,844.01 "
7/26/2023," $5,012.05 "
7/26/2023," $3,690.00 "
7/26/2023," $2,663.12 "
7/27/2023, $-   
7/27/2023, $-   
7/27/2023, $-   
7/27/2023, $-   
7/27/2023, $-   
7/28/2023," $5,981.00 "
7/28/2023, $-   
7/28/2023," $6,328.13 "
7/30/2023, $525.00 
7/31/2023," $12,240.10 "
7/31/2023," $12,240.10 "
7/31/2023," $12,240.10 "
7/31/2023," $9,116.10 "
7/31/2023," $6,474.60 "
7/31/2023," $5,735.25 "
7/31/2023," $7,068.60 "
7/31/2023," $5,185.00 "
7/31/2023, $472.50 
7/31/2023," $1,260.00 "
7/31/2023," $4,290.00 "
7/31/2023," $26,714.44 "
7/31/2023, $-   
7/31/2023," $6,282.00 "
7/31/2023," $4,368.00 "
7/31/2023," $5,118.00 "
7/31/2023," $7,005.36 "
7/31/2023," $7,140.00 "
8/1/2023," $10,164.01 "
8/1/2023," $8,133.00 "
8/1/2023," $4,842.00 "
8/1/2023," $9,045.66 "
8/1/2023," $6,684.00 "
8/2/2023," $4,826.79 "
8/2/2023," $4,826.79 "
8/2/2023," $7,100.84 "
8/2/2023," $4,670.00 "
8/2/2023," $3,840.07 "
8/2/2023," $6,850.06 "
8/3/2023," $2,430.00 "
8/3/2023," $13,680.07 "
8/3/2023," $1,080.72 "
8/3/2023, $325.00 
8/4/2023," $20,400.00 "
8/4/2023," $4,704.00 "
8/4/2023," $6,330.08 "
8/4/2023," $19,512.00 "
8/4/2023," $1,647.00 "
8/5/2023," $3,218.00 "
8/7/2023," $19,512.00 "
8/7/2023," $11,682.83 "
8/8/2023," $15,001.20 "
8/8/2023," $3,264.00 "
8/8/2023," $10,634.00 "
8/8/2023," $2,660.02 "
8/8/2023," $1,800.00 "
8/8/2023," $4,732.20 "
8/8/2023," $31,428.00 "
8/8/2023," $2,016.00 "
8/8/2023," $5,055.02 "
8/8/2023," $5,584.80 "
8/9/2023," $1,812.30 "
8/9/2023, $700.00 
8/9/2023," $4,306.84 "
8/10/2023, $-   
8/10/2023," $5,778.00 "
8/10/2023," $9,715.00 "
8/10/2023," $4,850.17 "
8/11/2023," $3,229.27 "
8/11/2023," $7,840.02 "
8/11/2023," $5,418.02 "
8/11/2023," $8,937.80 "
8/11/2023, $700.00 
8/11/2023," $2,556.36 "
8/11/2023," $7,499.00 "
8/14/2023," $6,430.47 "
8/14/2023," $5,533.44 "
8/14/2023," $2,413.00 "
8/14/2023," $5,588.70 "
8/14/2023," $5,250.00 "
8/15/2023," $1,598.40 "
8/15/2023," $24,624.00 "
8/15/2023, $0.35 
8/15/2023," $4,188.00 "
8/15/2023," $3,850.04 "
8/15/2023," $6,901.05 "
8/16/2023," $8,900.50 "
8/16/2023," $2,986.00 "
8/17/2023," $4,656.00 "
8/17/2023," $4,656.00 "
8/17/2023," $4,236.00 "
8/17/2023," $7,801.50 "
8/17/2023," $6,353.80 "
8/17/2023," $2,016.00 "
8/17/2023," $1,444.50 "
8/17/2023, $357.00 
8/17/2023," $1,932.00 "
8/17/2023," $3,500.00 "
8/18/2023," $1,830.00 "
8/18/2023," $6,738.00 "
8/18/2023," $5,472.00 "
8/18/2023," $4,158.00 "
8/19/2023," $3,802.90 "
8/19/2023," $1,260.00 "
8/21/2023," $6,881.40 "
8/21/2023," $6,177.60 "
8/21/2023," $7,423.20 "
8/21/2023," $25,553.00 "
8/21/2023," $12,158.00 "
8/21/2023," $2,385.36 "
8/21/2023," $12,180.11 "
8/21/2023," $1,800.00 "
8/21/2023," $3,184.00 "
8/21/2023," $20,142.80 "
8/21/2023," $5,368.00 "
8/21/2023," $28,740.00 "
8/21/2023," $3,536.40 "
8/21/2023," $9,557.67 "
8/21/2023, $630.00 
8/21/2023," $3,192.00 "
8/21/2023," $1,361.84 "
8/21/2023," $9,291.43 "
8/22/2023," $3,911.81 "
8/22/2023," $3,911.81 "
8/22/2023," $3,911.81 "
8/22/2023," $3,348.03 "
8/22/2023," $3,040.52 "
8/22/2023, $-   
8/22/2023," $2,625.00 "
8/22/2023," $3,850.00 "
8/23/2023," $4,110.02 "
8/23/2023," $7,468.17 "
8/24/2023," $10,560.00 "
8/24/2023," $5,820.00 "
8/24/2023," $5,220.00 "
8/24/2023," $5,865.80 "
8/24/2023," $5,232.00 "
8/25/2023," $6,826.01 "
8/25/2023," $2,625.00 "
8/25/2023," $3,736.00 "
8/25/2023," $2,232.00 "
8/25/2023," $10,533.50 "
8/26/2023, $875.00 
8/28/2023, $500.01 
8/28/2023," $4,325.00 "
8/28/2023," $1,020.00 "
8/28/2023," $2,534.00 "
8/28/2023," $8,412.00 "
8/28/2023," $5,596.00 "
8/28/2023," $2,016.20 "
8/30/2023, $-   
8/30/2023, $-   
9/1/2023," $4,644.00 "
9/1/2023, $250.01 
9/1/2023," $1,350.03 "
9/4/2023, $700.00 
9/4/2023," $7,308.00 "
9/5/2023," $10,595.10 "
9/5/2023," $7,410.00 "
9/5/2023," $3,207.00 "
9/5/2023," $4,140.30 "
9/5/2023," $6,088.50 "
9/5/2023," $1,980.00 "
9/6/2023," $5,364.00 "
9/6/2023," $5,995.00 "
9/6/2023," $7,370.00 "
9/6/2023," $16,518.00 "
9/6/2023," $14,256.00 "
9/6/2023," $2,160.00 "
9/7/2023," $19,742.40 "
9/7/2023," $21,362.40 "
9/7/2023," $8,084.00 "
9/8/2023," $4,464.00 "
9/8/2023," $11,856.00 "
9/8/2023," $11,856.00 "
9/8/2023," $12,603.60 "
9/8/2023," $12,603.60 "
9/10/2023," $3,500.00 "
9/11/2023," $7,086.00 "
9/11/2023," $4,595.40 "
9/11/2023, $936.00 
9/11/2023," $13,438.00 "
9/11/2023," $4,005.02 "
9/11/2023," $9,520.06 "
9/11/2023, $-   
9/11/2023, $-   
9/11/2023, $-   
9/11/2023," $9,062.04 "
9/11/2023, $0.17 
9/12/2023," $3,360.04 "
9/12/2023," $2,580.02 "
9/12/2023," $2,055.00 "
9/12/2023, $0.20 
9/12/2023, $0.18 
9/13/2023," $7,497.44 "
9/13/2023," $7,525.35 "
9/13/2023," $14,135.45 "
9/13/2023," $3,286.00 "
9/13/2023," $3,286.00 "
9/13/2023," $3,348.00 "
9/13/2023," $5,053.87 "
9/13/2023," $5,439.06 "
9/13/2023," $15,894.00 "
9/13/2023, $0.60 
9/14/2023," $3,805.00 "
9/15/2023," $3,000.00 "
9/15/2023," $5,216.45 "
9/15/2023," $7,350.13 "
9/18/2023," $1,896.00 "
9/18/2023," $26,443.80 "
9/18/2023," $26,443.80 "
9/18/2023," $8,760.00 "
9/18/2023," $4,848.07 "
9/18/2023, $0.10 
9/18/2023," $5,106.00 "
9/18/2023, $700.00 
9/18/2023," $2,573.25 "
9/18/2023," $8,347.09 "
9/19/2023," $5,808.00 "
9/19/2023," $3,780.00 "
9/19/2023," $5,376.00 "
9/20/2023, $672.31 
9/20/2023," $3,791.08 "
9/20/2023," $4,490.24 "
9/20/2023," $5,412.30 "
9/20/2023, $525.00 
9/21/2023," $3,150.00 "
9/21/2023," $2,880.00 "
9/21/2023," $2,880.00 "
9/22/2023," $1,800.00 "
9/22/2023," $6,307.81 "
9/22/2023," $6,075.41 "
9/22/2023," $4,617.98 "
9/22/2023," $3,876.00 "
9/22/2023," $6,324.00 "
9/22/2023," $8,772.00 "
9/25/2023," $30,130.69 "
9/25/2023," $5,862.00 "
9/25/2023," $4,152.04 "
9/25/2023," $7,786.80 "
9/25/2023," $21,816.00 "
9/25/2023," $8,664.84 "
9/25/2023," $13,608.01 "
9/25/2023," $8,838.01 "
9/25/2023, $0.24 
9/25/2023, $0.24 
9/25/2023," $13,378.09 "
9/25/2023," $6,123.29 "
9/26/2023, $0.39 
9/26/2023," $3,110.03 "
9/26/2023," $4,115.05 "
9/26/2023," $2,580.01 "
9/26/2023," $2,010.00 "
9/27/2023," $3,036.00 "
9/27/2023," $10,290.00 "
9/27/2023," $1,125.54 "
9/27/2023, $0.18 
9/27/2023, $0.17 
9/28/2023," $5,850.24 "
9/29/2023," $10,224.61 "
10/2/2023," $5,757.25 "
10/2/2023," $1,195.19 "
10/2/2023," $9,192.05 "
10/2/2023," $4,110.00 "
10/3/2023," $1,368.00 "
10/3/2023," $5,164.00 "
10/3/2023," $4,620.00 "
10/3/2023," $1,440.25 "
10/4/2023, $336.00 
10/4/2023," $21,828.45 "
10/4/2023," $3,325.00 "
10/4/2023," $7,260.00 "
10/6/2023," $2,965.03 "
10/6/2023," $1,800.15 "
10/6/2023," $3,550.25 "
10/9/2023," $5,010.00 "
10/9/2023," $13,960.80 "
10/9/2023," $17,409.60 "
10/9/2023," $3,780.00 "
10/9/2023," $3,866.40 "
10/9/2023," $15,559.21 "
10/9/2023," $23,136.73 "
10/9/2023," $7,717.50 "
10/9/2023," $2,840.00 "
10/9/2023," $6,642.00 "
10/10/2023," $5,865.66 "
10/11/2023, $1.00 